Workbook

Sheet RawData
A1: OrderID | B1: OrderDate | C1: CustomerID | D1: ProductID | E1: Quantity | F1: UnitPrice | G1: TotalSale | H1: Region
A2: ORD-5001 | B2: 44599 | C2: C2265 | D2: P1046 | E2: 10 | F2: 83.01 | G2: 830.1 | H2: North
A3: ORD-5002 | B3: 45051 | C3: C2033 | D3: P1010 | E3: 9 | F3: 75.41 | G3: 678.69 | H3: North
A4: ORD-5003 | B4: 45788 | C4: C2365 | D4: P1037 | E4: 3 | F4: 115.76 | G4: 347.28 | H4: West
A5: ORD-5004 | B5: 45943 | C5: C2327 | D5: P1001 | E5: 6 | F5: 144.69 | G5: 868.14 | H5: West
A6: ORD-5005 | B6: 45766 | C6: C2012 | D6: P1042 | E6: 6 | F6: 90.5 | G6: 543 | H6: South
A7: ORD-5006 | B7: 45103 | C7: C2283 | D7: P1003 | E7: 10 | F7: 187.26 | G7: 1872.6 | H7: South
A8: ORD-5007 | B8: 44649 | C8: C2290 | D8: P1030 | E8: 6 | F8: 100.65 | G8: 603.9 | H8: North
A9: ORD-5008 | B9: 44746 | C9: C2418 | D9: P1025 | E9: 10 | F9: 65.45 | G9: 654.5 | H9: North
A10: ORD-5009 | B10: 45864 | C10: C2382 | D10: P1016 | E10: 10 | F10: 156.45 | G10: 1564.5 | H10: East
A11: ORD-5010 | B11: 44647 | C11: C2087 | D11: P1014 | E11: 5 | F11: 54.76 | G11: 273.8 | H11: West
A12: ORD-5011 | B12: 45032 | C12: C2276 | D12: P1005 | E12: 5 | F12: 160.49 | G12: 802.45 | H12: North
A13: ORD-5012 | B13: 44829 | C13: C2447 | D13: P1029 | E13: 1 | F13: 104.81 | G13: 104.81 | H13: East
... A501: ORD-5500 | B501: 45435 | C501: C2472 | D501: P1045 | E501: 9 | F501: 159.7 | G501: 1437.3 | H501: South

Sheet Customers
A1: Customer ID | B1: Customer Name
A2: {=UNIQUE(RawData!C2:C500)} -> C2265 | B2: Liam Carter
A3: C2033 | B3: Noah Bennett
A4: C2365 | B4: Oliver Hayes
A5: C2327 | B5: Elijah Brooks
A6: C2012 | B6: James Cooper
A7: C2283 | B7: William Foster
A8: C2290 | B8: Benjamin Ross
A9: C2418 | B9: Lucas Reed
A10: C2382 | B10: Henry Morgan
A11: C2087 | B11: Alexander Scott
A12: C2276 | B12: Emma Watson
A13: C2447 | B13: Olivia Turner
A14: C2015 | B14: Ava Mitchell
... A31: C2170 | B31: Hannah Perry
A32: C2068
A33: C2042
A34: C2152
A35: C2399
A36: C2423
A37: C2099
A38: C2088
A39: C2145
A40: C2280
A41: C2190
A42: C2312
A43: C2213
... A333: C2356

Sheet Products
A1: {=UNIQUE(RawData!D:D)} -> ProductID | B1: Product Name | C1: Category
A2: P1046 | B2: Laptop | C2: Electronics
A3: P1010 | B3: Smartphone | C3: Electronics
A4: P1037 | B4: Tablet | C4: Electronics
A5: P1001 | B5: Headphones | C5: Electronics
A6: P1042 | B6: Smartphone | C6: Electronics
A7: P1003 | B7: Camera | C7: Electronics
A8: P1030 | B8: Printer | C8: Electronics
A9: P1025 | B9: Monitor | C9: Electronics
A10: P1016 | B10: Keyboard | C10: Electronics
A11: P1014 | B11: Mouse | C11: Electronics
A12: P1005 | B12: Chair | C12: Furniture
A13: P1029 | B13: Table | C13: Furniture
... A51: P1024 | B51: Headphones | C51: Electronics

Sheet FinalData
A1: OrderID | B1: OrderDate | C1: CustomerID | D1: Customer Name | E1: ProductID | F1: Product Name | G1: Category | H1: Quantity | I1: UnitPrice | J1: TotalSale | K1: Region | L1: Month
A2: =RawData!A2 -> ORD-5001 | B2: =RawData!B2 -> 44599 | C2: =RawData!C2 -> C2265 | D2: =VLOOKUP(C2, Customers!A:B,2,FALSE) -> Liam Carter | E2: =RawData!D2 -> P1046 | F2: {=INDEX(Products!B:B, MATCH(E2, Products!A:A,0))} -> Laptop | G2: {=XLOOKUP(E2, Products!A:A, Products!C:C)} -> Electronics | H2: =RawData!E2 -> 10 | I2: =RawData!F2 -> 83.01 | J2: =RawData!G2 -> 830.1 | K2: =RawData!H2 -> North | L2: =TEXT(B2,"MMM") -> Feb
A3: =RawData!A3 -> ORD-5002 | B3: =RawData!B3 -> 45051 | C3: =RawData!C3 -> C2033 | D3: =VLOOKUP(C3, Customers!A:B,2,FALSE) -> Noah Bennett | E3: =RawData!D3 -> P1010 | F3: {=INDEX(Products!B:B, MATCH(E3, Products!A:A,0))} -> Smartphone | G3: {=XLOOKUP(E3, Products!A:A, Products!C:C)} -> Electronics | H3: =RawData!E3 -> 9 | I3: =RawData!F3 -> 75.41 | J3: =RawData!G3 -> 678.69 | K3: =RawData!H3 -> North | L3: =TEXT(B3,"MMM") -> May
A4: =RawData!A4 -> ORD-5003 | B4: =RawData!B4 -> 45788 | C4: =RawData!C4 -> C2365 | D4: =VLOOKUP(C4, Customers!A:B,2,FALSE) -> Oliver Hayes | E4: =RawData!D4 -> P1037 | F4: {=INDEX(Products!B:B, MATCH(E4, Products!A:A,0))} -> Tablet | G4: {=XLOOKUP(E4, Products!A:A, Products!C:C)} -> Electronics | H4: =RawData!E4 -> 3 | I4: =RawData!F4 -> 115.76 | J4: =RawData!G4 -> 347.28 | K4: =RawData!H4 -> West | L4: =TEXT(B4,"MMM") -> May
A5: =RawData!A5 -> ORD-5004 | B5: =RawData!B5 -> 45943 | C5: =RawData!C5 -> C2327 | D5: =VLOOKUP(C5, Customers!A:B,2,FALSE) -> Elijah Brooks | E5: =RawData!D5 -> P1001 | F5: {=INDEX(Products!B:B, MATCH(E5, Products!A:A,0))} -> Headphones | G5: {=XLOOKUP(E5, Products!A:A, Products!C:C)} -> Electronics | H5: =RawData!E5 -> 6 | I5: =RawData!F5 -> 144.69 | J5: =RawData!G5 -> 868.14 | K5: =RawData!H5 -> West | L5: =TEXT(B5,"MMM") -> Oct
A6: =RawData!A6 -> ORD-5005 | B6: =RawData!B6 -> 45766 | C6: =RawData!C6 -> C2012 | D6: =VLOOKUP(C6, Customers!A:B,2,FALSE) -> James Cooper | E6: =RawData!D6 -> P1042 | F6: {=INDEX(Products!B:B, MATCH(E6, Products!A:A,0))} -> Smartphone | G6: {=XLOOKUP(E6, Products!A:A, Products!C:C)} -> Electronics | H6: =RawData!E6 -> 6 | I6: =RawData!F6 -> 90.5 | J6: =RawData!G6 -> 543 | K6: =RawData!H6 -> South | L6: =TEXT(B6,"MMM") -> Apr
A7: =RawData!A7 -> ORD-5006 | B7: =RawData!B7 -> 45103 | C7: =RawData!C7 -> C2283 | D7: =VLOOKUP(C7, Customers!A:B,2,FALSE) -> William Foster | E7: =RawData!D7 -> P1003 | F7: {=INDEX(Products!B:B, MATCH(E7, Products!A:A,0))} -> Camera | G7: {=XLOOKUP(E7, Products!A:A, Products!C:C)} -> Electronics | H7: =RawData!E7 -> 10 | I7: =RawData!F7 -> 187.26 | J7: =RawData!G7 -> 1872.6 | K7: =RawData!H7 -> South | L7: =TEXT(B7,"MMM") -> Jun
A8: =RawData!A8 -> ORD-5007 | B8: =RawData!B8 -> 44649 | C8: =RawData!C8 -> C2290 | D8: =VLOOKUP(C8, Customers!A:B,2,FALSE) -> Benjamin Ross | E8: =RawData!D8 -> P1030 | F8: {=INDEX(Products!B:B, MATCH(E8, Products!A:A,0))} -> Printer | G8: {=XLOOKUP(E8, Products!A:A, Products!C:C)} -> Electronics | H8: =RawData!E8 -> 6 | I8: =RawData!F8 -> 100.65 | J8: =RawData!G8 -> 603.9 | K8: =RawData!H8 -> North | L8: =TEXT(B8,"MMM") -> Mar
A9: =RawData!A9 -> ORD-5008 | B9: =RawData!B9 -> 44746 | C9: =RawData!C9 -> C2418 | D9: =VLOOKUP(C9, Customers!A:B,2,FALSE) -> Lucas Reed | E9: =RawData!D9 -> P1025 | F9: {=INDEX(Products!B:B, MATCH(E9, Products!A:A,0))} -> Monitor | G9: {=XLOOKUP(E9, Products!A:A, Products!C:C)} -> Electronics | H9: =RawData!E9 -> 10 | I9: =RawData!F9 -> 65.45 | J9: =RawData!G9 -> 654.5 | K9: =RawData!H9 -> North | L9: =TEXT(B9,"MMM") -> Jul
A10: =RawData!A10 -> ORD-5009 | B10: =RawData!B10 -> 45864 | C10: =RawData!C10 -> C2382 | D10: =VLOOKUP(C10, Customers!A:B,2,FALSE) -> Henry Morgan | E10: =RawData!D10 -> P1016 | F10: {=INDEX(Products!B:B, MATCH(E10, Products!A:A,0))} -> Keyboard | G10: {=XLOOKUP(E10, Products!A:A, Products!C:C)} -> Electronics | H10: =RawData!E10 -> 10 | I10: =RawData!F10 -> 156.45 | J10: =RawData!G10 -> 1564.5 | K10: =RawData!H10 -> East | L10: =TEXT(B10,"MMM") -> Jul
A11: =RawData!A11 -> ORD-5010 | B11: =RawData!B11 -> 44647 | C11: =RawData!C11 -> C2087 | D11: =VLOOKUP(C11, Customers!A:B,2,FALSE) -> Alexander Scott | E11: =RawData!D11 -> P1014 | F11: {=INDEX(Products!B:B, MATCH(E11, Products!A:A,0))} -> Mouse | G11: {=XLOOKUP(E11, Products!A:A, Products!C:C)} -> Electronics | H11: =RawData!E11 -> 5 | I11: =RawData!F11 -> 54.76 | J11: =RawData!G11 -> 273.8 | K11: =RawData!H11 -> West | L11: =TEXT(B11,"MMM") -> Mar
A12: =RawData!A12 -> ORD-5011 | B12: =RawData!B12 -> 45032 | C12: =RawData!C12 -> C2276 | D12: =VLOOKUP(C12, Customers!A:B,2,FALSE) -> Emma Watson | E12: =RawData!D12 -> P1005 | F12: {=INDEX(Products!B:B, MATCH(E12, Products!A:A,0))} -> Chair | G12: {=XLOOKUP(E12, Products!A:A, Products!C:C)} -> Furniture | H12: =RawData!E12 -> 5 | I12: =RawData!F12 -> 160.49 | J12: =RawData!G12 -> 802.45 | K12: =RawData!H12 -> North | L12: =TEXT(B12,"MMM") -> Apr
A13: =RawData!A13 -> ORD-5012 | B13: =RawData!B13 -> 44829 | C13: =RawData!C13 -> C2447 | D13: =VLOOKUP(C13, Customers!A:B,2,FALSE) -> Olivia Turner | E13: =RawData!D13 -> P1029 | F13: {=INDEX(Products!B:B, MATCH(E13, Products!A:A,0))} -> Table | G13: {=XLOOKUP(E13, Products!A:A, Products!C:C)} -> Furniture | H13: =RawData!E13 -> 1 | I13: =RawData!F13 -> 104.81 | J13: =RawData!G13 -> 104.81 | K13: =RawData!H13 -> East | L13: =TEXT(B13,"MMM") -> Sep
... A51: =RawData!A51 -> ORD-5050 | B51: =RawData!B51 -> 45018 | C51: =RawData!C51 -> C2023 | D51: =VLOOKUP(C51, Customers!A:B,2,FALSE) | E51: =RawData!D51 -> P1015 | F51: {=INDEX(Products!B:B, MATCH(E51, Products!A:A,0))} -> Chair | G51: {=XLOOKUP(E51, Products!A:A, Products!C:C)} -> Furniture | H51: =RawData!E51 -> 1 | I51: =RawData!F51 -> 144.86 | J51: =RawData!G51 -> 144.86 | K51: =RawData!H51 -> West | L51: =TEXT(B51,"MMM") -> Apr
A52: =RawData!A52 -> ORD-5051 | B52: =RawData!B52 -> 45222 | C52: =RawData!C52 -> C2330 | D52: =VLOOKUP(C52, Customers!A:B,2,FALSE) | E52: =RawData!D52 -> P1015 | G52: {=XLOOKUP(E52, Products!A:A, Products!C:C)} -> Furniture | H52: =RawData!E52 -> 7 | I52: =RawData!F52 -> 144.86 | J52: =RawData!G52 -> 1014.02 | K52: =RawData!H52 -> North | L52: =TEXT(B52,"MMM") -> Oct
A53: =RawData!A53 -> ORD-5052 | B53: =RawData!B53 -> 45811 | C53: =RawData!C53 -> C2052 | D53: =VLOOKUP(C53, Customers!A:B,2,FALSE) | E53: =RawData!D53 -> P1015 | G53: {=XLOOKUP(E53, Products!A:A, Products!C:C)} -> Furniture | H53: =RawData!E53 -> 4 | I53: =RawData!F53 -> 144.86 | J53: =RawData!G53 -> 579.44 | K53: =RawData!H53 -> East | L53: =TEXT(B53,"MMM") -> Jun
A54: =RawData!A54 -> ORD-5053 | B54: =RawData!B54 -> 45531 | C54: =RawData!C54 -> C2058 | D54: =VLOOKUP(C54, Customers!A:B,2,FALSE) | E54: =RawData!D54 -> P1031 | G54: {=XLOOKUP(E54, Products!A:A, Products!C:C)} -> Furniture | H54: =RawData!E54 -> 8 | I54: =RawData!F54 -> 44.18 | J54: =RawData!G54 -> 353.44 | K54: =RawData!H54 -> South | L54: =TEXT(B54,"MMM") -> Aug
A55: =RawData!A55 -> ORD-5054 | B55: =RawData!B55 -> 45879 | C55: =RawData!C55 -> C2367 | D55: =VLOOKUP(C55, Customers!A:B,2,FALSE) | E55: =RawData!D55 -> P1019 | G55: {=XLOOKUP(E55, Products!A:A, Products!C:C)} -> Electronics | H55: =RawData!E55 -> 6 | I55: =RawData!F55 -> 193.29 | J55: =RawData!G55 -> 1159.74 | K55: =RawData!H55 -> West | L55: =TEXT(B55,"MMM") -> Aug
A56: =RawData!A56 -> ORD-5055 | B56: =RawData!B56 -> 44583 | C56: =RawData!C56 -> C2108 | D56: =VLOOKUP(C56, Customers!A:B,2,FALSE) | E56: =RawData!D56 -> P1008 | G56: {=XLOOKUP(E56, Products!A:A, Products!C:C)} -> Accessories | H56: =RawData!E56 -> 1 | I56: =RawData!F56 -> 190.65 | J56: =RawData!G56 -> 190.65 | K56: =RawData!H56 -> West | L56: =TEXT(B56,"MMM") -> Jan
A57: =RawData!A57 -> ORD-5056 | B57: =RawData!B57 -> 45569 | C57: =RawData!C57 -> C2340 | D57: =VLOOKUP(C57, Customers!A:B,2,FALSE) | E57: =RawData!D57 -> P1002 | G57: {=XLOOKUP(E57, Products!A:A, Products!C:C)} -> Furniture | H57: =RawData!E57 -> 1 | I57: =RawData!F57 -> 109.31 | J57: =RawData!G57 -> 109.31 | K57: =RawData!H57 -> East | L57: =TEXT(B57,"MMM") -> Oct
A58: =RawData!A58 -> ORD-5057 | B58: =RawData!B58 -> 44828 | C58: =RawData!C58 -> C2394 | D58: =VLOOKUP(C58, Customers!A:B,2,FALSE) | E58: =RawData!D58 -> P1046 | G58: {=XLOOKUP(E58, Products!A:A, Products!C:C)} -> Electronics | H58: =RawData!E58 -> 10 | I58: =RawData!F58 -> 83.01 | J58: =RawData!G58 -> 830.1 | K58: =RawData!H58 -> West | L58: =TEXT(B58,"MMM") -> Sep
A59: =RawData!A59 -> ORD-5058 | B59: =RawData!B59 -> 45173 | C59: =RawData!C59 -> C2065 | D59: =VLOOKUP(C59, Customers!A:B,2,FALSE) | E59: =RawData!D59 -> P1017 | G59: {=XLOOKUP(E59, Products!A:A, Products!C:C)} -> Furniture | H59: =RawData!E59 -> 1 | I59: =RawData!F59 -> 43.15 | J59: =RawData!G59 -> 43.15 | K59: =RawData!H59 -> South | L59: =TEXT(B59,"MMM") -> Sep
A60: =RawData!A60 -> ORD-5059 | B60: =RawData!B60 -> 45957 | C60: =RawData!C60 -> C2043 | D60: =VLOOKUP(C60, Customers!A:B,2,FALSE) | E60: =RawData!D60 -> P1025 | G60: {=XLOOKUP(E60, Products!A:A, Products!C:C)} -> Electronics | H60: =RawData!E60 -> 8 | I60: =RawData!F60 -> 65.45 | J60: =RawData!G60 -> 523.6 | K60: =RawData!H60 -> East | L60: =TEXT(B60,"MMM") -> Oct
A61: =RawData!A61 -> ORD-5060 | B61: =RawData!B61 -> 45841 | C61: =RawData!C61 -> C2393 | D61: =VLOOKUP(C61, Customers!A:B,2,FALSE) | E61: =RawData!D61 -> P1042 | G61: {=XLOOKUP(E61, Products!A:A, Products!C:C)} -> Electronics | H61: =RawData!E61 -> 7 | I61: =RawData!F61 -> 90.5 | J61: =RawData!G61 -> 633.5 | K61: =RawData!H61 -> North | L61: =TEXT(B61,"MMM") -> Jul
A62: =RawData!A62 -> ORD-5061 | B62: =RawData!B62 -> 45332 | C62: =RawData!C62 -> C2342 | D62: =VLOOKUP(C62, Customers!A:B,2,FALSE) | E62: =RawData!D62 -> P1020 | G62: {=XLOOKUP(E62, Products!A:A, Products!C:C)} -> Furniture | H62: =RawData!E62 -> 1 | I62: =RawData!F62 -> 94.59 | J62: =RawData!G62 -> 94.59 | K62: =RawData!H62 -> West | L62: =TEXT(B62,"MMM") -> Feb
A63: =RawData!A63 -> ORD-5062 | B63: =RawData!B63 -> 45307 | C63: =RawData!C63 -> C2077 | D63: =VLOOKUP(C63, Customers!A:B,2,FALSE) | E63: =RawData!D63 -> P1036 | G63: {=XLOOKUP(E63, Products!A:A, Products!C:C)} -> Fashion | H63: =RawData!E63 -> 9 | I63: =RawData!F63 -> 146.68 | J63: =RawData!G63 -> 1320.12 | K63: =RawData!H63 -> East | L63: =TEXT(B63,"MMM") -> Jan
... A501: =RawData!A501 -> ORD-5500 | B501: =RawData!B501 -> 45435 | C501: =RawData!C501 -> C2472 | D501: =VLOOKUP(C501, Customers!A:B,2,FALSE) | E501: =RawData!D501 -> P1045 | G501: {=XLOOKUP(E501, Products!A:A, Products!C:C)} -> Accessories | H501: =RawData!E501 -> 9 | I501: =RawData!F501 -> 159.7 | J501: =RawData!G501 -> 1437.3 | K501: =RawData!H501 -> South | L501: =TEXT(B501,"MMM") -> May

Sheet Sales by Region 

Sheet Sales  by Month

Sheet Sales by Category

Sheet Top Customers

Sheet Top Products

Sheet Pareto_Analysis
A1: Customer Name | B1: SUM of TotalSale | C1: Rank | D1: Cumulative Sales | E1: Total Sales | F1: Cumulative% | G1: Top 20% Flag
B2: 300050.59 | C2: =_xlfn.RANK.EQ(B2,B:B) -> 1 | D2: =SUM($B$2:B2) -> 300050.59 | E2: =sum(B2:B32) -> 330425.6 | F2: =D2/$E$2 -> 0.90807307 | G2: =IF(F2<=0.8,"Top 20%","Others") -> Others
A3: Henry Morgan | B3: 3732.73 | C3: =_xlfn.RANK.EQ(B3,B:B) -> 2 | D3: =SUM($B$2:B3) -> 303783.32 | F3: =D3/$E$2 -> 0.91936981 | G3: =IF(F3<=0.8,"Top 20%","Others") -> Others
A4: Amelia Rogers | B4: 2814.97 | C4: =_xlfn.RANK.EQ(B4,B:B) -> 3 | D4: =SUM($B$2:B4) -> 306598.29 | F4: =D4/$E$2 -> 0.92788903 | G4: =IF(F4<=0.8,"Top 20%","Others") -> Others
A5: William Foster | B5: 1916.78 | C5: =_xlfn.RANK.EQ(B5,B:B) -> 4 | D5: =SUM($B$2:B5) -> 308515.07 | F5: =D5/$E$2 -> 0.93368997 | G5: =IF(F5<=0.8,"Top 20%","Others") -> Others
A6: Micheal Gray | B6: 1604.9 | C6: =_xlfn.RANK.EQ(B6,B:B) -> 5 | D6: =SUM($B$2:B6) -> 310119.97 | F6: =D6/$E$2 -> 0.93854704 | G6: =IF(F6<=0.8,"Top 20%","Others") -> Others
A7: Lily Butler | B7: 1564.5 | C7: =_xlfn.RANK.EQ(B7,B:B) -> 6 | D7: =SUM($B$2:B7) -> 311684.47 | F7: =D7/$E$2 -> 0.94328185 | G7: =IF(F7<=0.8,"Top 20%","Others") -> Others
A8: Liam Carter | B8: 1247.82 | C8: =_xlfn.RANK.EQ(B8,B:B) -> 7 | D8: =SUM($B$2:B8) -> 312932.29 | F8: =D8/$E$2 -> 0.94705825 | G8: =IF(F8<=0.8,"Top 20%","Others") -> Others
A9: Grace Hughes | B9: 1202.34 | C9: =_xlfn.RANK.EQ(B9,B:B) -> 8 | D9: =SUM($B$2:B9) -> 314134.63 | F9: =D9/$E$2 -> 0.95069701 | G9: =IF(F9<=0.8,"Top 20%","Others") -> Others
A10: Sophia Parker | B10: 1201.23 | C10: =_xlfn.RANK.EQ(B10,B:B) -> 9 | D10: =SUM($B$2:B10) -> 315335.86 | F10: =D10/$E$2 -> 0.95433241 | G10: =IF(F10<=0.8,"Top 20%","Others") -> Others
A11: Harper Cook | B11: 1157.6 | C11: =_xlfn.RANK.EQ(B11,B:B) -> 10 | D11: =SUM($B$2:B11) -> 316493.46 | F11: =D11/$E$2 -> 0.95783577 | G11: =IF(F11<=0.8,"Top 20%","Others") -> Others
A12: Evelyn Bell | B12: 1157.52 | C12: =_xlfn.RANK.EQ(B12,B:B) -> 11 | D12: =SUM($B$2:B12) -> 317650.98 | F12: =D12/$E$2 -> 0.96133889 | G12: =IF(F12<=0.8,"Top 20%","Others") -> Others
A13: Charlotte Morris | B13: 1132.67 | C13: =_xlfn.RANK.EQ(B13,B:B) -> 12 | D13: =SUM($B$2:B13) -> 318783.65 | F13: =D13/$E$2 -> 0.9647668 | G13: =IF(F13<=0.8,"Top 20%","Others") -> Others
A14: Olivia Turner | B14: 1071.26 | C14: =_xlfn.RANK.EQ(B14,B:B) -> 13 | D14: =SUM($B$2:B14) -> 319854.91 | F14: =D14/$E$2 -> 0.96800886 | G14: =IF(F14<=0.8,"Top 20%","Others") -> Others
... A32: Jacob Cox | B32: 104.66 | C32: =_xlfn.RANK.EQ(B32,B:B) -> 31 | D32: =SUM($B$2:B32) -> 330425.6 | F32: =D32/$E$2 -> 1 | G32: =IF(F32<=0.8,"Top 20%","Others") -> Others

Sheet Dashboard!
A1: Total Revenue | B1: Total Orders | C1: Avg Order Value
A2: =SUM(FinalData!J:J) -> 330425.6 | B2: =COUNTA(FinalData!A:A)-1 -> 500 | C2: =AVERAGE(FinalData!J:J) -> 660.8512
A19: INSIGHTS
A20: Overall Sales Performance
A21: The total sales generated from the dataset is 330,425.60, representing the overall revenue for the observed period.
A22: Customer Contribution
A23: The analysis reveals that a singke customer contributes approximately 90% of the total revenue, indicating an extremly high concentration of sales.
A24: Pareto Observation
A25: The standard Pareto principle (80/20 rule) is not applicable in this dataset, as the top contributor alone exceeds the 80% threshold.
A26: Revenue Distribution
A27: Sales distribution is highly uneven, with a steep drop after the top customer showing minimal contribution from the remaining customers.
A28: Business Risk Insight
A29: The business is heavily dependent on a single customer, which introduces significant risk if that customer reduces or stops transactions.
A30: Growth Opportunity
... A33: The business should focus on reducing relying on the top customer by expanding the customer base & improving sales distribution.
